Timestamp,Source IP,Destination IP,Protocol,Website Name,Domain Name,Length
2023-12-12 02:19:53,192.168.50.211,104.99.48.162,IP,not a valid url,Not a valid URL,55
2023-12-12 02:19:53,104.99.48.162,192.168.50.211,IP,not a valid url,Not a valid URL,66
2023-12-12 02:19:55,192.168.50.211,67.220.240.31,IP,not a valid url,Not a valid URL,55
2023-12-12 02:19:55,67.220.240.31,192.168.50.211,IP,not a valid url,Not a valid URL,54
2023-12-12 02:19:55,192.168.50.211,224.0.0.22,192.168.50.211,not a valid url,Not a valid URL,54
2023-12-12 02:19:56,192.168.50.211,3.232.144.130,IP,not a valid url,Not a valid URL,127
2023-12-12 02:19:56,3.232.144.130,192.168.50.211,IP,not a valid url,Not a valid URL,145
2023-12-12 02:19:56,192.168.50.211,3.232.144.130,IP,not a valid url,Not a valid URL,54
2023-12-12 02:19:57,3.232.144.130,192.168.50.211,IP,not a valid url,Not a valid URL,145
2023-12-12 02:19:57,192.168.50.211,3.232.144.130,IP,not a valid url,Not a valid URL,66
2023-12-12 02:19:57,192.168.50.211,224.0.0.22,192.168.50.211,not a valid url,Not a valid URL,62
2023-12-12 02:19:59,205.196.6.214,192.168.50.211,IP,not a valid url,Not a valid URL,253
2023-12-12 02:19:59,162.159.130.234,192.168.50.211,IP,not a valid url,Not a valid URL,989
2023-12-12 02:19:59,192.168.50.211,162.159.130.234,IP,not a valid url,Not a valid URL,54
2023-12-12 02:19:59,192.168.50.211,205.196.6.214,IP,not a valid url,Not a valid URL,54
2023-12-12 02:19:59,192.168.50.1,239.255.255.250,IP,not a valid url,Not a valid URL,441
2023-12-12 02:19:59,192.168.50.1,239.255.255.250,IP,not a valid url,Not a valid URL,513
2023-12-12 02:19:59,192.168.50.1,239.255.255.250,IP,not a valid url,Not a valid URL,450
2023-12-12 02:19:59,192.168.50.1,239.255.255.250,IP,not a valid url,Not a valid URL,509
2023-12-12 02:19:59,192.168.50.1,239.255.255.250,IP,not a valid url,Not a valid URL,489
2023-12-12 02:19:59,192.168.50.1,239.255.255.250,IP,not a valid url,Not a valid URL,503
2023-12-12 02:19:59,192.168.50.1,239.255.255.250,IP,not a valid url,Not a valid URL,521
2023-12-12 02:19:59,192.168.50.1,239.255.255.250,IP,not a valid url,Not a valid URL,505
2023-12-12 02:20:00,192.168.50.1,239.255.255.250,IP,not a valid url,Not a valid URL,505
2023-12-12 02:20:00,192.168.50.1,239.255.255.250,IP,not a valid url,Not a valid URL,521
2023-12-12 02:20:00,192.168.50.1,239.255.255.250,IP,not a valid url,Not a valid URL,503
2023-12-12 02:20:00,192.168.50.1,239.255.255.250,IP,not a valid url,Not a valid URL,450
2023-12-12 02:20:00,192.168.50.1,239.255.255.250,IP,not a valid url,Not a valid URL,489
2023-12-12 02:20:00,192.168.50.1,239.255.255.250,IP,not a valid url,Not a valid URL,509
2023-12-12 02:20:00,192.168.50.1,239.255.255.250,IP,not a valid url,Not a valid URL,513
2023-12-12 02:20:00,192.168.50.1,239.255.255.250,IP,not a valid url,Not a valid URL,441
2023-12-12 02:20:00,192.168.50.211,192.168.50.1,IP,not a valid url,Not a valid URL,77
2023-12-12 02:20:00,192.168.50.211,54.221.92.201,IP,not a valid url,Not a valid URL,1514
2023-12-12 02:20:00,192.168.50.211,54.221.92.201,IP,not a valid url,Not a valid URL,1243
2023-12-12 02:20:00,192.168.50.211,54.221.92.201,IP,not a valid url,Not a valid URL,100
2023-12-12 02:20:00,192.168.50.211,54.221.92.201,IP,not a valid url,Not a valid URL,774
2023-12-12 02:20:00,192.168.50.1,192.168.50.211,IP,not a valid url,Not a valid URL,278
2023-12-12 02:20:00,192.168.50.1,192.168.50.211,IP,not a valid url,Not a valid URL,227
2023-12-12 02:20:00,54.221.92.201,192.168.50.211,IP,not a valid url,Not a valid URL,54
2023-12-12 02:20:00,54.221.92.201,192.168.50.211,IP,not a valid url,Not a valid URL,100
2023-12-12 02:20:00,54.221.92.201,192.168.50.211,IP,not a valid url,Not a valid URL,248
2023-12-12 02:20:00,192.168.50.211,54.221.92.201,IP,not a valid url,Not a valid URL,54
2023-12-12 02:20:00,192.168.50.211,172.217.0.35,IP,not a valid url,Not a valid URL,1292
2023-12-12 02:20:00,192.168.50.211,172.217.0.35,IP,not a valid url,Not a valid URL,123
2023-12-12 02:20:00,172.217.0.35,192.168.50.211,IP,not a valid url,Not a valid URL,1292
2023-12-12 02:20:00,172.217.0.35,192.168.50.211,IP,not a valid url,Not a valid URL,847
2023-12-12 02:20:00,172.217.0.35,192.168.50.211,IP,not a valid url,Not a valid URL,213
2023-12-12 02:20:00,192.168.50.211,172.217.0.35,IP,not a valid url,Not a valid URL,120
2023-12-12 02:20:00,192.168.50.211,172.217.0.35,IP,not a valid url,Not a valid URL,73
2023-12-12 02:20:00,192.168.50.211,172.217.0.35,IP,not a valid url,Not a valid URL,595
2023-12-12 02:20:00,172.217.0.35,192.168.50.211,IP,not a valid url,Not a valid URL,66
2023-12-12 02:20:00,172.217.0.35,192.168.50.211,IP,not a valid url,Not a valid URL,173
2023-12-12 02:20:00,172.217.0.35,192.168.50.211,IP,not a valid url,Not a valid URL,918
2023-12-12 02:20:00,172.217.0.35,192.168.50.211,IP,not a valid url,Not a valid URL,63
2023-12-12 02:20:00,192.168.50.211,172.217.0.35,IP,not a valid url,Not a valid URL,78
2023-12-12 02:20:00,192.168.50.211,172.217.0.35,IP,not a valid url,Not a valid URL,74
2023-12-12 02:20:00,192.168.50.211,54.221.92.201,IP,not a valid url,Not a valid URL,66
2023-12-12 02:20:02,192.168.50.211,142.250.189.19,IP,not a valid url,Not a valid URL,55
2023-12-12 02:20:02,142.250.189.19,192.168.50.211,IP,not a valid url,Not a valid URL,66
2023-12-12 02:20:03,192.168.50.211,192.168.50.1,IP,not a valid url,Not a valid URL,73
2023-12-12 02:20:03,192.168.50.1,192.168.50.211,IP,not a valid url,Not a valid URL,179
2023-12-12 02:20:03,192.168.50.1,192.168.50.211,IP,not a valid url,Not a valid URL,145
2023-12-12 02:20:03,192.168.50.211,184.28.81.72,IP,not a valid url,Not a valid URL,54
2023-12-12 02:20:03,192.168.50.211,142.251.33.195,IP,not a valid url,Not a valid URL,54
2023-12-12 02:20:03,192.168.50.211,104.107.104.162,IP,not a valid url,Not a valid URL,54
2023-12-12 02:20:03,192.168.50.211,96.7.129.198,IP,not a valid url,Not a valid URL,54
2023-12-12 02:20:03,192.168.50.211,184.28.81.56,IP,not a valid url,Not a valid URL,54
2023-12-12 02:20:03,192.168.50.211,185.167.164.49,IP,not a valid url,Not a valid URL,66
2023-12-12 02:20:03,192.168.50.1,192.168.50.211,IP,not a valid url,Not a valid URL,148
2023-12-12 02:20:03,184.28.81.72,192.168.50.211,IP,not a valid url,Not a valid URL,78
2023-12-12 02:20:03,184.28.81.72,192.168.50.211,IP,not a valid url,Not a valid URL,54
2023-12-12 02:20:03,96.7.129.198,192.168.50.211,IP,not a valid url,Not a valid URL,78
2023-12-12 02:20:03,96.7.129.198,192.168.50.211,IP,not a valid url,Not a valid URL,54
2023-12-12 02:20:03,184.28.81.56,192.168.50.211,IP,not a valid url,Not a valid URL,78
2023-12-12 02:20:03,184.28.81.56,192.168.50.211,IP,not a valid url,Not a valid URL,54
2023-12-12 02:20:03,104.107.104.162,192.168.50.211,IP,not a valid url,Not a valid URL,54
2023-12-12 02:20:03,104.107.104.162,192.168.50.211,IP,not a valid url,Not a valid URL,85
2023-12-12 02:20:03,142.251.33.195,192.168.50.211,IP,not a valid url,Not a valid URL,54
2023-12-12 02:20:03,185.167.164.49,192.168.50.211,IP,not a valid url,Not a valid URL,62
2023-12-12 02:20:03,192.168.50.211,185.167.164.49,IP,not a valid url,Not a valid URL,54
2023-12-12 02:20:03,192.168.50.211,185.167.164.49,IP,not a valid url,Not a valid URL,747
2023-12-12 02:20:03,185.167.164.49,192.168.50.211,IP,not a valid url,Not a valid URL,54
2023-12-12 02:20:03,185.167.164.49,192.168.50.211,IP,not a valid url,Not a valid URL,2974
2023-12-12 02:20:03,185.167.164.49,192.168.50.211,IP,not a valid url,Not a valid URL,1950
2023-12-12 02:20:03,192.168.50.211,185.167.164.49,IP,not a valid url,Not a valid URL,180
2023-12-12 02:20:03,192.168.50.211,185.167.164.49,IP,not a valid url,Not a valid URL,153
2023-12-12 02:20:03,192.168.50.211,185.167.164.49,IP,not a valid url,Not a valid URL,566
2023-12-12 02:20:04,185.167.164.49,192.168.50.211,IP,not a valid url,Not a valid URL,312
2023-12-12 02:20:04,185.167.164.49,192.168.50.211,IP,not a valid url,Not a valid URL,132
2023-12-12 02:20:04,185.167.164.49,192.168.50.211,IP,not a valid url,Not a valid URL,54
2023-12-12 02:20:04,192.168.50.211,185.167.164.49,IP,not a valid url,Not a valid URL,54
2023-12-12 02:20:04,192.168.50.211,185.167.164.49,IP,not a valid url,Not a valid URL,92
2023-12-12 02:20:04,185.167.164.49,192.168.50.211,IP,not a valid url,Not a valid URL,593
2023-12-12 02:20:04,185.167.164.49,192.168.50.211,IP,not a valid url,Not a valid URL,92
2023-12-12 02:20:04,142.251.33.195,192.168.50.211,IP,not a valid url,Not a valid URL,54
2023-12-12 02:20:04,192.168.50.211,142.251.33.195,IP,not a valid url,Not a valid URL,54
2023-12-12 02:20:04,140.82.112.25,192.168.50.211,IP,not a valid url,Not a valid URL,79
2023-12-12 02:20:04,192.168.50.211,140.82.112.25,IP,not a valid url,Not a valid URL,83
2023-12-12 02:20:04,140.82.112.25,192.168.50.211,IP,not a valid url,Not a valid URL,54
2023-12-12 02:20:05,192.168.50.211,192.168.50.1,IP,not a valid url,Not a valid URL,79
2023-12-12 02:20:05,192.168.50.1,192.168.50.211,IP,not a valid url,Not a valid URL,179
2023-12-12 02:20:05,192.168.50.1,192.168.50.211,IP,not a valid url,Not a valid URL,226
2023-12-12 02:20:05,192.168.50.211,18.209.140.164,IP,not a valid url,Not a valid URL,66
2023-12-12 02:20:05,192.168.50.211,192.168.50.1,IP,not a valid url,Not a valid URL,80
2023-12-12 02:20:05,192.168.50.211,192.168.50.1,IP,not a valid url,Not a valid URL,84
2023-12-12 02:20:05,192.168.50.211,35.244.167.217,IP,not a valid url,Not a valid URL,1292
2023-12-12 02:20:05,192.168.50.211,35.244.167.217,IP,not a valid url,Not a valid URL,137
2023-12-12 02:20:05,192.168.50.211,35.244.167.217,IP,not a valid url,Not a valid URL,93
2023-12-12 02:20:05,192.168.50.211,35.244.167.217,IP,not a valid url,Not a valid URL,535
2023-12-12 02:20:05,192.168.50.1,192.168.50.211,IP,not a valid url,Not a valid URL,170
2023-12-12 02:20:05,192.168.50.1,192.168.50.211,IP,not a valid url,Not a valid URL,141
2023-12-12 02:20:05,192.168.50.211,216.239.38.178,IP,not a valid url,Not a valid URL,1292
2023-12-12 02:20:05,192.168.50.211,216.239.38.178,IP,not a valid url,Not a valid URL,122
2023-12-12 02:20:05,192.168.50.1,192.168.50.211,IP,not a valid url,Not a valid URL,203
2023-12-12 02:20:05,192.168.50.211,142.250.72.142,IP,not a valid url,Not a valid URL,1292
2023-12-12 02:20:05,192.168.50.211,142.250.72.142,IP,not a valid url,Not a valid URL,122
2023-12-12 02:20:05,192.168.50.211,23.43.51.172,IP,not a valid url,Not a valid URL,66
2023-12-12 02:20:05,192.168.50.1,192.168.50.211,IP,not a valid url,Not a valid URL,233
2023-12-12 02:20:05,192.168.50.211,192.168.50.1,IP,not a valid url,Not a valid URL,76
2023-12-12 02:20:05,35.244.167.217,192.168.50.211,IP,not a valid url,Not a valid URL,54
2023-12-12 02:20:05,18.209.140.164,192.168.50.211,IP,not a valid url,Not a valid URL,66
2023-12-12 02:20:05,192.168.50.211,18.209.140.164,IP,not a valid url,Not a valid URL,54
2023-12-12 02:20:05,192.168.50.211,18.209.140.164,IP,not a valid url,Not a valid URL,730
2023-12-12 02:20:05,35.244.167.217,192.168.50.211,IP,not a valid url,Not a valid URL,93
2023-12-12 02:20:05,216.239.38.178,192.168.50.211,IP,not a valid url,Not a valid URL,1292
2023-12-12 02:20:05,216.239.38.178,192.168.50.211,IP,not a valid url,Not a valid URL,849
2023-12-12 02:20:05,216.239.38.178,192.168.50.211,IP,not a valid url,Not a valid URL,219
2023-12-12 02:20:05,35.244.167.217,192.168.50.211,IP,not a valid url,Not a valid URL,1292
2023-12-12 02:20:05,192.168.50.211,216.239.38.178,IP,not a valid url,Not a valid URL,120
2023-12-12 02:20:05,192.168.50.211,216.239.38.178,IP,not a valid url,Not a valid URL,73
2023-12-12 02:20:05,192.168.50.211,216.239.38.178,IP,not a valid url,Not a valid URL,1288
2023-12-12 02:20:05,192.168.50.211,216.239.38.178,IP,not a valid url,Not a valid URL,191
2023-12-12 02:20:05,192.168.50.211,35.244.167.217,IP,not a valid url,Not a valid URL,115
2023-12-12 02:20:05,23.43.51.172,192.168.50.211,IP,not a valid url,Not a valid URL,66
2023-12-12 02:20:05,192.168.50.211,23.43.51.172,IP,not a valid url,Not a valid URL,54
2023-12-12 02:20:05,192.168.50.211,23.43.51.172,IP,not a valid url,Not a valid URL,961
2023-12-12 02:20:05,142.250.72.142,192.168.50.211,IP,not a valid url,Not a valid URL,1292
2023-12-12 02:20:05,142.250.72.142,192.168.50.211,IP,not a valid url,Not a valid URL,851
2023-12-12 02:20:05,142.250.72.142,192.168.50.211,IP,not a valid url,Not a valid URL,189
2023-12-12 02:20:05,192.168.50.211,142.250.72.142,IP,not a valid url,Not a valid URL,120
2023-12-12 02:20:05,192.168.50.211,142.250.72.142,IP,not a valid url,Not a valid URL,73
2023-12-12 02:20:05,192.168.50.211,142.250.72.142,IP,not a valid url,Not a valid URL,1288
2023-12-12 02:20:05,192.168.50.211,142.250.72.142,IP,not a valid url,Not a valid URL,405
2023-12-12 02:20:05,216.239.38.178,192.168.50.211,IP,not a valid url,Not a valid URL,66
2023-12-12 02:20:05,192.168.50.1,192.168.50.211,IP,not a valid url,Not a valid URL,174
2023-12-12 02:20:05,192.168.50.1,192.168.50.211,IP,not a valid url,Not a valid URL,219
2023-12-12 02:20:05,192.168.50.211,104.99.50.235,IP,not a valid url,Not a valid URL,66
2023-12-12 02:20:05,192.168.50.211,35.244.167.217,IP,not a valid url,Not a valid URL,74
2023-12-12 02:20:05,104.99.50.235,192.168.50.211,IP,not a valid url,Not a valid URL,66
2023-12-12 02:20:05,192.168.50.211,104.99.50.235,IP,not a valid url,Not a valid URL,54
2023-12-12 02:20:05,192.168.50.211,104.99.50.235,IP,not a valid url,Not a valid URL,925
2023-12-12 02:20:05,216.239.38.178,192.168.50.211,IP,not a valid url,Not a valid URL,173
2023-12-12 02:20:05,142.250.72.142,192.168.50.211,IP,not a valid url,Not a valid URL,66
2023-12-12 02:20:05,35.244.167.217,192.168.50.211,IP,not a valid url,Not a valid URL,560
2023-12-12 02:20:05,35.244.167.217,192.168.50.211,IP,not a valid url,Not a valid URL,163
2023-12-12 02:20:05,192.168.50.211,35.244.167.217,IP,not a valid url,Not a valid URL,73
2023-12-12 02:20:05,216.239.38.178,192.168.50.211,IP,not a valid url,Not a valid URL,314
2023-12-12 02:20:05,192.168.50.211,35.244.167.217,IP,not a valid url,Not a valid URL,54
2023-12-12 02:20:05,192.168.50.211,216.239.38.178,IP,not a valid url,Not a valid URL,77
2023-12-12 02:20:05,216.239.38.178,192.168.50.211,IP,not a valid url,Not a valid URL,63
2023-12-12 02:20:05,192.168.50.211,192.168.50.1,IP,not a valid url,Not a valid URL,83
2023-12-12 02:20:05,142.250.72.142,192.168.50.211,IP,not a valid url,Not a valid URL,162
2023-12-12 02:20:05,23.43.51.172,192.168.50.211,IP,not a valid url,Not a valid URL,54
2023-12-12 02:20:05,23.43.51.172,192.168.50.211,IP,not a valid url,Not a valid URL,318
2023-12-12 02:20:05,192.168.50.211,23.43.51.172,IP,not a valid url,Not a valid URL,134
2023-12-12 02:20:05,192.168.50.211,23.43.51.172,IP,not a valid url,Not a valid URL,146
2023-12-12 02:20:05,192.168.50.211,23.43.51.172,IP,not a valid url,Not a valid URL,758
2023-12-12 02:20:05,192.168.50.211,23.43.51.172,IP,not a valid url,Not a valid URL,1514
2023-12-12 02:20:05,192.168.50.211,23.43.51.172,IP,not a valid url,Not a valid URL,96
2023-12-12 02:20:05,142.250.72.142,192.168.50.211,IP,not a valid url,Not a valid URL,67
2023-12-12 02:20:05,142.250.72.142,192.168.50.211,IP,not a valid url,Not a valid URL,71
2023-12-12 02:20:05,104.99.50.235,192.168.50.211,IP,not a valid url,Not a valid URL,54
2023-12-12 02:20:05,104.99.50.235,192.168.50.211,IP,not a valid url,Not a valid URL,318
2023-12-12 02:20:05,192.168.50.211,104.99.50.235,IP,not a valid url,Not a valid URL,134
2023-12-12 02:20:05,192.168.50.211,104.99.50.235,IP,not a valid url,Not a valid URL,146
2023-12-12 02:20:05,192.168.50.211,104.99.50.235,IP,not a valid url,Not a valid URL,495
2023-12-12 02:20:05,192.168.50.211,104.99.50.235,IP,not a valid url,Not a valid URL,1134
2023-12-12 02:20:05,192.168.50.1,192.168.50.211,IP,not a valid url,Not a valid URL,143
2023-12-12 02:20:05,192.168.50.1,192.168.50.211,IP,not a valid url,Not a valid URL,147
2023-12-12 02:20:05,192.168.50.211,216.239.38.178,IP,not a valid url,Not a valid URL,74
2023-12-12 02:20:05,192.168.50.211,74.125.137.156,IP,not a valid url,Not a valid URL,1292
2023-12-12 02:20:05,192.168.50.211,74.125.137.156,IP,not a valid url,Not a valid URL,121
2023-12-12 02:20:05,35.244.167.217,192.168.50.211,IP,not a valid url,Not a valid URL,66
2023-12-12 02:20:05,142.250.72.142,192.168.50.211,IP,not a valid url,Not a valid URL,282
2023-12-12 02:20:05,192.168.50.211,142.250.72.142,IP,not a valid url,Not a valid URL,77
2023-12-12 02:20:05,142.250.72.142,192.168.50.211,IP,not a valid url,Not a valid URL,63
2023-12-12 02:20:05,18.209.140.164,192.168.50.211,IP,not a valid url,Not a valid URL,54
2023-12-12 02:20:05,18.209.140.164,192.168.50.211,IP,not a valid url,Not a valid URL,2974
2023-12-12 02:20:05,18.209.140.164,192.168.50.211,IP,not a valid url,Not a valid URL,1514
2023-12-12 02:20:05,18.209.140.164,192.168.50.211,IP,not a valid url,Not a valid URL,1241
2023-12-12 02:20:05,192.168.50.211,18.209.140.164,IP,not a valid url,Not a valid URL,180
2023-12-12 02:20:05,192.168.50.211,18.209.140.164,IP,not a valid url,Not a valid URL,153
2023-12-12 02:20:05,192.168.50.211,18.209.140.164,IP,not a valid url,Not a valid URL,443
2023-12-12 02:20:05,192.168.50.211,18.209.140.164,IP,not a valid url,Not a valid URL,1144
2023-12-12 02:20:05,104.99.50.235,192.168.50.211,IP,not a valid url,Not a valid URL,325
2023-12-12 02:20:05,23.43.51.172,192.168.50.211,IP,not a valid url,Not a valid URL,341
2023-12-12 02:20:05,23.43.51.172,192.168.50.211,IP,not a valid url,Not a valid URL,115
2023-12-12 02:20:05,23.43.51.172,192.168.50.211,IP,not a valid url,Not a valid URL,85
2023-12-12 02:20:05,192.168.50.211,23.43.51.172,IP,not a valid url,Not a valid URL,85
2023-12-12 02:20:05,192.168.50.211,142.250.72.142,IP,not a valid url,Not a valid URL,74
2023-12-12 02:20:05,104.99.50.235,192.168.50.211,IP,not a valid url,Not a valid URL,115
2023-12-12 02:20:05,104.99.50.235,192.168.50.211,IP,not a valid url,Not a valid URL,85
2023-12-12 02:20:05,192.168.50.211,104.99.50.235,IP,not a valid url,Not a valid URL,85
2023-12-12 02:20:05,74.125.137.156,192.168.50.211,IP,not a valid url,Not a valid URL,1292
2023-12-12 02:20:05,74.125.137.156,192.168.50.211,IP,not a valid url,Not a valid URL,842
2023-12-12 02:20:05,74.125.137.156,192.168.50.211,IP,not a valid url,Not a valid URL,224
2023-12-12 02:20:05,192.168.50.211,74.125.137.156,IP,not a valid url,Not a valid URL,120
2023-12-12 02:20:05,192.168.50.211,74.125.137.156,IP,not a valid url,Not a valid URL,73
2023-12-12 02:20:05,192.168.50.211,74.125.137.156,IP,not a valid url,Not a valid URL,968
2023-12-12 02:20:05,74.125.137.156,192.168.50.211,IP,not a valid url,Not a valid URL,66
2023-12-12 02:20:05,35.244.167.217,192.168.50.211,IP,not a valid url,Not a valid URL,132
2023-12-12 02:20:05,35.244.167.217,192.168.50.211,IP,not a valid url,Not a valid URL,1466
2023-12-12 02:20:05,192.168.50.211,35.244.167.217,IP,not a valid url,Not a valid URL,89
2023-12-12 02:20:05,74.125.137.156,192.168.50.211,IP,not a valid url,Not a valid URL,173
2023-12-12 02:20:05,35.244.167.217,192.168.50.211,IP,not a valid url,Not a valid URL,2878
2023-12-12 02:20:05,74.125.137.156,192.168.50.211,IP,not a valid url,Not a valid URL,349
2023-12-12 02:20:05,192.168.50.211,74.125.137.156,IP,not a valid url,Not a valid URL,78
2023-12-12 02:20:05,35.244.167.217,192.168.50.211,IP,not a valid url,Not a valid URL,2447
2023-12-12 02:20:05,192.168.50.211,216.239.38.178,IP,not a valid url,Not a valid URL,1104
2023-12-12 02:20:05,18.209.140.164,192.168.50.211,IP,not a valid url,Not a valid URL,225
2023-12-12 02:20:05,18.209.140.164,192.168.50.211,IP,not a valid url,Not a valid URL,132
2023-12-12 02:20:05,192.168.50.211,18.209.140.164,IP,not a valid url,Not a valid URL,92
2023-12-12 02:20:05,18.209.140.164,192.168.50.211,IP,not a valid url,Not a valid URL,403
2023-12-12 02:20:05,192.168.50.211,142.250.72.142,IP,not a valid url,Not a valid URL,114
2023-12-12 02:20:05,192.168.50.211,192.168.50.1,IP,not a valid url,Not a valid URL,74
2023-12-12 02:20:05,216.239.38.178,192.168.50.211,IP,not a valid url,Not a valid URL,69
2023-12-12 02:20:05,23.43.51.172,192.168.50.211,IP,not a valid url,Not a valid URL,911
2023-12-12 02:20:05,192.168.50.211,104.99.50.235,IP,not a valid url,Not a valid URL,128
2023-12-12 02:20:05,192.168.50.211,104.99.50.235,IP,not a valid url,Not a valid URL,1189
2023-12-12 02:20:05,192.168.50.211,216.239.38.178,IP,not a valid url,Not a valid URL,1111
2023-12-12 02:20:05,216.239.38.178,192.168.50.211,IP,not a valid url,Not a valid URL,113
2023-12-12 02:20:05,192.168.50.1,192.168.50.211,IP,not a valid url,Not a valid URL,90
2023-12-12 02:20:05,192.168.50.211,142.250.72.164,IP,not a valid url,Not a valid URL,1292
2023-12-12 02:20:05,192.168.50.211,142.250.72.164,IP,not a valid url,Not a valid URL,121
2023-12-12 02:20:05,192.168.50.211,142.250.72.164,IP,not a valid url,Not a valid URL,1288
2023-12-12 02:20:05,192.168.50.211,142.250.72.164,IP,not a valid url,Not a valid URL,336
2023-12-12 02:20:05,142.250.72.142,192.168.50.211,IP,not a valid url,Not a valid URL,69
2023-12-12 02:20:05,192.168.50.211,216.239.38.178,IP,not a valid url,Not a valid URL,1229
2023-12-12 02:20:05,216.239.38.178,192.168.50.211,IP,not a valid url,Not a valid URL,90
2023-12-12 02:20:05,142.250.72.142,192.168.50.211,IP,not a valid url,Not a valid URL,108
2023-12-12 02:20:05,192.168.50.1,192.168.50.211,IP,not a valid url,Not a valid URL,184
2023-12-12 02:20:05,192.168.50.1,192.168.50.211,IP,not a valid url,Not a valid URL,235
2023-12-12 02:20:05,192.168.50.211,52.200.187.226,IP,not a valid url,Not a valid URL,66
2023-12-12 02:20:05,192.168.50.211,192.168.50.1,IP,not a valid url,Not a valid URL,95
2023-12-12 02:20:05,142.250.72.164,192.168.50.211,IP,not a valid url,Not a valid URL,1292
2023-12-12 02:20:05,142.250.72.164,192.168.50.211,IP,not a valid url,Not a valid URL,842
2023-12-12 02:20:05,142.250.72.164,192.168.50.211,IP,not a valid url,Not a valid URL,206
2023-12-12 02:20:05,142.250.72.164,192.168.50.211,IP,not a valid url,Not a valid URL,66
2023-12-12 02:20:05,142.250.72.164,192.168.50.211,IP,not a valid url,Not a valid URL,64
2023-12-12 02:20:05,192.168.50.211,142.250.72.164,IP,not a valid url,Not a valid URL,120
2023-12-12 02:20:05,192.168.50.211,142.250.72.164,IP,not a valid url,Not a valid URL,73
2023-12-12 02:20:05,216.239.38.178,192.168.50.211,IP,not a valid url,Not a valid URL,84
2023-12-12 02:20:05,192.168.50.1,192.168.50.211,IP,not a valid url,Not a valid URL,271
2023-12-12 02:20:05,192.168.50.1,192.168.50.211,IP,not a valid url,Not a valid URL,152
2023-12-12 02:20:05,192.168.50.211,142.250.68.10,IP,not a valid url,Not a valid URL,1292
2023-12-12 02:20:05,192.168.50.211,142.250.68.10,IP,not a valid url,Not a valid URL,121
2023-12-12 02:20:05,142.250.72.164,192.168.50.211,IP,not a valid url,Not a valid URL,162
2023-12-12 02:20:05,104.99.50.235,192.168.50.211,IP,not a valid url,Not a valid URL,1209
2023-12-12 02:20:05,142.250.72.164,192.168.50.211,IP,not a valid url,Not a valid URL,565
2023-12-12 02:20:05,192.168.50.211,142.250.72.164,IP,not a valid url,Not a valid URL,77
2023-12-12 02:20:05,142.250.68.10,192.168.50.211,IP,not a valid url,Not a valid URL,1292
2023-12-12 02:20:05,142.250.68.10,192.168.50.211,IP,not a valid url,Not a valid URL,850
2023-12-12 02:20:05,142.250.68.10,192.168.50.211,IP,not a valid url,Not a valid URL,240
2023-12-12 02:20:05,192.168.50.211,142.250.68.10,IP,not a valid url,Not a valid URL,120
2023-12-12 02:20:05,192.168.50.211,142.250.68.10,IP,not a valid url,Not a valid URL,73
2023-12-12 02:20:05,192.168.50.211,142.250.68.10,IP,not a valid url,Not a valid URL,629
2023-12-12 02:20:05,52.200.187.226,192.168.50.211,IP,not a valid url,Not a valid URL,66
2023-12-12 02:20:05,192.168.50.211,52.200.187.226,IP,not a valid url,Not a valid URL,54
2023-12-12 02:20:05,192.168.50.211,52.200.187.226,IP,not a valid url,Not a valid URL,745
2023-12-12 02:20:05,192.168.50.211,142.250.72.142,IP,not a valid url,Not a valid URL,197
2023-12-12 02:20:05,192.168.50.211,142.250.72.142,IP,not a valid url,Not a valid URL,115
2023-12-12 02:20:05,142.250.68.10,192.168.50.211,IP,not a valid url,Not a valid URL,66
2023-12-12 02:20:05,142.250.72.164,192.168.50.211,IP,not a valid url,Not a valid URL,67
2023-12-12 02:20:05,192.168.50.1,192.168.50.211,IP,not a valid url,Not a valid URL,121
2023-12-12 02:20:05,192.168.50.1,192.168.50.211,IP,not a valid url,Not a valid URL,150
2023-12-12 02:20:05,192.168.50.211,157.240.22.35,IP,not a valid url,Not a valid URL,1292
2023-12-12 02:20:05,192.168.50.211,157.240.22.35,IP,not a valid url,Not a valid URL,124
2023-12-12 02:20:05,192.168.50.211,157.240.22.35,IP,not a valid url,Not a valid URL,895
2023-12-12 02:20:05,142.250.68.10,192.168.50.211,IP,not a valid url,Not a valid URL,162
2023-12-12 02:20:05,142.250.68.10,192.168.50.211,IP,not a valid url,Not a valid URL,71
2023-12-12 02:20:05,192.168.50.211,142.250.68.10,IP,not a valid url,Not a valid URL,74
2023-12-12 02:20:05,157.240.22.35,192.168.50.211,IP,not a valid url,Not a valid URL,1274
2023-12-12 02:20:05,157.240.22.35,192.168.50.211,IP,not a valid url,Not a valid URL,331
2023-12-12 02:20:05,157.240.22.35,192.168.50.211,IP,not a valid url,Not a valid URL,90
2023-12-12 02:20:05,192.168.50.211,157.240.22.35,IP,not a valid url,Not a valid URL,123
2023-12-12 02:20:05,157.240.22.35,192.168.50.211,IP,not a valid url,Not a valid URL,122
2023-12-12 02:20:05,157.240.22.35,192.168.50.211,IP,not a valid url,Not a valid URL,250
2023-12-12 02:20:05,192.168.50.211,157.240.22.35,IP,not a valid url,Not a valid URL,76
2023-12-12 02:20:05,192.168.50.211,157.240.22.35,IP,not a valid url,Not a valid URL,80
2023-12-12 02:20:06,192.168.50.211,192.168.50.1,IP,not a valid url,Not a valid URL,72
2023-12-12 02:20:06,142.250.72.142,192.168.50.211,IP,not a valid url,Not a valid URL,79
2023-12-12 02:20:06,142.250.72.142,192.168.50.211,IP,not a valid url,Not a valid URL,63
2023-12-12 02:20:06,157.240.22.35,192.168.50.211,IP,not a valid url,Not a valid URL,81
2023-12-12 02:20:06,157.240.22.35,192.168.50.211,IP,not a valid url,Not a valid URL,154
2023-12-12 02:20:06,192.168.50.211,142.250.72.142,IP,not a valid url,Not a valid URL,77
2023-12-12 02:20:06,157.240.22.35,192.168.50.211,IP,not a valid url,Not a valid URL,314
2023-12-12 02:20:06,192.168.50.211,157.240.22.35,IP,not a valid url,Not a valid URL,76
2023-12-12 02:20:06,52.200.187.226,192.168.50.211,IP,not a valid url,Not a valid URL,54
2023-12-12 02:20:06,52.200.187.226,192.168.50.211,IP,not a valid url,Not a valid URL,1168
2023-12-12 02:20:06,192.168.50.211,52.200.187.226,IP,not a valid url,Not a valid URL,66
2023-12-12 02:20:06,192.168.50.1,192.168.50.211,IP,not a valid url,Not a valid URL,171
2023-12-12 02:20:06,192.168.50.1,192.168.50.211,IP,not a valid url,Not a valid URL,216
2023-12-12 02:20:06,192.168.50.211,142.250.72.142,IP,not a valid url,Not a valid URL,74
2023-12-12 02:20:06,192.168.50.211,104.99.49.187,IP,not a valid url,Not a valid URL,66
2023-12-12 02:20:06,157.240.22.35,192.168.50.211,IP,not a valid url,Not a valid URL,90
2023-12-12 02:20:06,104.99.49.187,192.168.50.211,IP,not a valid url,Not a valid URL,66
2023-12-12 02:20:06,192.168.50.211,104.99.49.187,IP,not a valid url,Not a valid URL,54
2023-12-12 02:20:06,192.168.50.211,104.99.49.187,IP,not a valid url,Not a valid URL,841
2023-12-12 02:20:06,192.168.50.211,74.125.137.156,IP,not a valid url,Not a valid URL,254
2023-12-12 02:20:06,142.250.72.142,192.168.50.211,IP,not a valid url,Not a valid URL,66
2023-12-12 02:20:06,104.99.49.187,192.168.50.211,IP,not a valid url,Not a valid URL,54
2023-12-12 02:20:06,104.99.49.187,192.168.50.211,IP,not a valid url,Not a valid URL,318
2023-12-12 02:20:06,192.168.50.211,104.99.49.187,IP,not a valid url,Not a valid URL,134
2023-12-12 02:20:06,192.168.50.211,104.99.49.187,IP,not a valid url,Not a valid URL,146
2023-12-12 02:20:06,192.168.50.211,104.99.49.187,IP,not a valid url,Not a valid URL,1514
2023-12-12 02:20:06,192.168.50.211,104.99.49.187,IP,not a valid url,Not a valid URL,554
2023-12-12 02:20:06,192.168.50.211,104.99.49.187,IP,not a valid url,Not a valid URL,537
2023-12-12 02:20:06,192.168.50.211,104.99.49.187,IP,not a valid url,Not a valid URL,539
2023-12-12 02:20:06,192.168.50.211,104.99.49.187,IP,not a valid url,Not a valid URL,548
2023-12-12 02:20:06,104.99.49.187,192.168.50.211,IP,not a valid url,Not a valid URL,325
2023-12-12 02:20:06,104.99.49.187,192.168.50.211,IP,not a valid url,Not a valid URL,115
2023-12-12 02:20:06,104.99.49.187,192.168.50.211,IP,not a valid url,Not a valid URL,85
2023-12-12 02:20:06,192.168.50.211,74.125.137.156,IP,not a valid url,Not a valid URL,256
2023-12-12 02:20:06,104.99.50.235,192.168.50.211,IP,not a valid url,Not a valid URL,1207
2023-12-12 02:20:06,104.99.50.235,192.168.50.211,IP,not a valid url,Not a valid URL,85
2023-12-12 02:20:06,192.168.50.211,104.99.50.235,IP,not a valid url,Not a valid URL,54
2023-12-12 02:20:06,74.125.137.156,192.168.50.211,IP,not a valid url,Not a valid URL,69
2023-12-12 02:20:06,74.125.137.156,192.168.50.211,IP,not a valid url,Not a valid URL,85
2023-12-12 02:20:06,192.168.50.211,74.125.137.156,IP,not a valid url,Not a valid URL,77
2023-12-12 02:20:06,104.99.49.187,192.168.50.211,IP,not a valid url,Not a valid URL,425
2023-12-12 02:20:06,104.99.49.187,192.168.50.211,IP,not a valid url,Not a valid URL,1567
2023-12-12 02:20:06,104.99.49.187,192.168.50.211,IP,not a valid url,Not a valid URL,2974
2023-12-12 02:20:06,104.99.49.187,192.168.50.211,IP,not a valid url,Not a valid URL,1514
2023-12-12 02:20:06,104.99.49.187,192.168.50.211,IP,not a valid url,Not a valid URL,1403
2023-12-12 02:20:06,142.250.68.10,192.168.50.211,IP,not a valid url,Not a valid URL,753
2023-12-12 02:20:06,142.250.68.10,192.168.50.211,IP,not a valid url,Not a valid URL,143
2023-12-12 02:20:06,192.168.50.211,142.250.68.10,IP,not a valid url,Not a valid URL,77
2023-12-12 02:20:06,192.168.50.211,104.99.49.187,IP,not a valid url,Not a valid URL,581
2023-12-12 02:20:06,52.200.187.226,192.168.50.211,IP,not a valid url,Not a valid URL,1514
2023-12-12 02:20:06,192.168.50.211,104.99.49.187,IP,not a valid url,Not a valid URL,90
2023-12-12 02:20:06,192.168.50.211,74.125.137.156,IP,not a valid url,Not a valid URL,255
2023-12-12 02:20:06,192.168.50.211,142.250.68.10,IP,not a valid url,Not a valid URL,74
2023-12-12 02:20:06,192.168.50.211,104.99.50.235,IP,not a valid url,Not a valid URL,128
2023-12-12 02:20:06,192.168.50.211,104.99.50.235,IP,not a valid url,Not a valid URL,1316
2023-12-12 02:20:06,192.168.50.211,104.99.50.235,IP,not a valid url,Not a valid URL,1192
2023-12-12 02:20:06,104.99.49.187,192.168.50.211,IP,not a valid url,Not a valid URL,424
2023-12-12 02:20:06,104.99.49.187,192.168.50.211,IP,not a valid url,Not a valid URL,2041
2023-12-12 02:20:06,74.125.137.156,192.168.50.211,IP,not a valid url,Not a valid URL,66
2023-12-12 02:20:06,104.99.50.235,192.168.50.211,IP,not a valid url,Not a valid URL,54
2023-12-12 02:20:06,104.99.49.187,192.168.50.211,IP,not a valid url,Not a valid URL,1898
2023-12-12 02:20:06,104.99.49.187,192.168.50.211,IP,not a valid url,Not a valid URL,456
2023-12-12 02:20:06,74.125.137.156,192.168.50.211,IP,not a valid url,Not a valid URL,63
2023-12-12 02:20:06,142.250.68.10,192.168.50.211,IP,not a valid url,Not a valid URL,66
2023-12-12 02:20:06,192.168.50.211,142.250.72.164,IP,not a valid url,Not a valid URL,314
2023-12-12 02:20:06,192.168.50.211,142.250.72.164,IP,not a valid url,Not a valid URL,234
2023-12-12 02:20:06,52.200.187.226,192.168.50.211,IP,not a valid url,Not a valid URL,2974
2023-12-12 02:20:06,192.168.50.211,52.200.187.226,IP,not a valid url,Not a valid URL,54
2023-12-12 02:20:06,192.168.50.211,74.125.137.156,IP,not a valid url,Not a valid URL,74
2023-12-12 02:20:06,192.168.50.211,52.200.187.226,IP,not a valid url,Not a valid URL,118
2023-12-12 02:20:06,192.168.50.211,52.200.187.226,IP,not a valid url,Not a valid URL,583
2023-12-12 02:20:06,104.99.49.187,192.168.50.211,IP,not a valid url,Not a valid URL,2829
2023-12-12 02:20:06,104.99.49.187,192.168.50.211,IP,not a valid url,Not a valid URL,1416
2023-12-12 02:20:06,142.250.72.164,192.168.50.211,IP,not a valid url,Not a valid URL,71
2023-12-12 02:20:06,192.168.50.211,142.250.72.164,IP,not a valid url,Not a valid URL,73
2023-12-12 02:20:06,142.250.72.164,192.168.50.211,IP,not a valid url,Not a valid URL,296
2023-12-12 02:20:06,192.168.50.211,142.250.72.164,IP,not a valid url,Not a valid URL,77
2023-12-12 02:20:06,142.250.72.164,192.168.50.211,IP,not a valid url,Not a valid URL,64
2023-12-12 02:20:06,142.250.72.164,192.168.50.211,IP,not a valid url,Not a valid URL,294
2023-12-12 02:20:06,52.200.187.226,192.168.50.211,IP,not a valid url,Not a valid URL,200
2023-12-12 02:20:06,52.200.187.226,192.168.50.211,IP,not a valid url,Not a valid URL,565
2023-12-12 02:20:06,192.168.50.211,52.200.187.226,IP,not a valid url,Not a valid URL,681
2023-12-12 02:20:06,192.168.50.211,52.200.187.226,IP,not a valid url,Not a valid URL,1514
2023-12-12 02:20:06,192.168.50.211,52.200.187.226,IP,not a valid url,Not a valid URL,129
2023-12-12 02:20:06,142.250.72.164,192.168.50.211,IP,not a valid url,Not a valid URL,295
2023-12-12 02:20:06,142.250.72.164,192.168.50.211,IP,not a valid url,Not a valid URL,65
2023-12-12 02:20:06,142.250.72.164,192.168.50.211,IP,not a valid url,Not a valid URL,66
2023-12-12 02:20:06,104.99.50.235,192.168.50.211,IP,not a valid url,Not a valid URL,1208
2023-12-12 02:20:06,52.200.187.226,192.168.50.211,IP,not a valid url,Not a valid URL,731
2023-12-12 02:20:06,192.168.50.211,172.217.0.35,IP,not a valid url,Not a valid URL,559
2023-12-12 02:20:06,172.217.0.35,192.168.50.211,IP,not a valid url,Not a valid URL,69
2023-12-12 02:20:06,172.217.0.35,192.168.50.211,IP,not a valid url,Not a valid URL,105
2023-12-12 02:20:06,172.217.0.35,192.168.50.211,IP,not a valid url,Not a valid URL,63
2023-12-12 02:20:06,192.168.50.211,172.217.0.35,IP,not a valid url,Not a valid URL,77
2023-12-12 02:20:06,192.168.50.211,172.217.0.35,IP,not a valid url,Not a valid URL,74
2023-12-12 02:20:06,192.168.50.211,3.232.144.130,IP,not a valid url,Not a valid URL,127
2023-12-12 02:20:06,172.217.0.35,192.168.50.211,IP,not a valid url,Not a valid URL,66
2023-12-12 02:20:06,3.232.144.130,192.168.50.211,IP,not a valid url,Not a valid URL,145
2023-12-12 02:20:06,192.168.50.211,3.232.144.130,IP,not a valid url,Not a valid URL,54
2023-12-12 02:20:06,192.168.50.211,172.217.14.67,IP,not a valid url,Not a valid URL,55
2023-12-12 02:20:07,172.217.14.67,192.168.50.211,IP,not a valid url,Not a valid URL,66
2023-12-12 02:20:07,3.232.144.130,192.168.50.211,IP,not a valid url,Not a valid URL,145
2023-12-12 02:20:07,192.168.50.211,3.232.144.130,IP,not a valid url,Not a valid URL,66
2023-12-12 02:20:07,192.168.50.211,192.168.50.1,IP,not a valid url,Not a valid URL,73
2023-12-12 02:20:07,192.168.50.211,142.250.189.19,IP,not a valid url,Not a valid URL,1466
2023-12-12 02:20:07,192.168.50.211,142.250.189.19,IP,not a valid url,Not a valid URL,335
2023-12-12 02:20:07,192.168.50.211,142.250.189.19,IP,not a valid url,Not a valid URL,93
2023-12-12 02:20:07,192.168.50.211,142.250.189.19,IP,not a valid url,Not a valid URL,1409
2023-12-12 02:20:07,192.168.50.211,142.250.189.19,IP,not a valid url,Not a valid URL,946
2023-12-12 02:20:07,192.168.50.1,192.168.50.211,IP,not a valid url,Not a valid URL,123
2023-12-12 02:20:07,192.168.50.1,192.168.50.211,IP,not a valid url,Not a valid URL,161
2023-12-12 02:20:07,142.250.189.19,192.168.50.211,IP,not a valid url,Not a valid URL,54
2023-12-12 02:20:07,142.250.189.19,192.168.50.211,IP,not a valid url,Not a valid URL,93
2023-12-12 02:20:07,192.168.50.211,104.99.49.187,IP,not a valid url,Not a valid URL,1514
2023-12-12 02:20:07,192.168.50.211,104.99.49.187,IP,not a valid url,Not a valid URL,553
2023-12-12 02:20:07,192.168.50.211,104.99.49.187,IP,not a valid url,Not a valid URL,539
2023-12-12 02:20:07,192.168.50.211,104.99.49.187,IP,not a valid url,Not a valid URL,537
2023-12-12 02:20:07,104.99.49.187,192.168.50.211,IP,not a valid url,Not a valid URL,54
2023-12-12 02:20:07,192.168.50.211,142.250.189.19,IP,not a valid url,Not a valid URL,54
2023-12-12 02:20:07,104.99.49.187,192.168.50.211,IP,not a valid url,Not a valid URL,425
2023-12-12 02:20:07,104.99.49.187,192.168.50.211,IP,not a valid url,Not a valid URL,1528
2023-12-12 02:20:07,192.168.50.211,104.99.49.187,IP,not a valid url,Not a valid URL,54
2023-12-12 02:20:07,104.99.49.187,192.168.50.211,IP,not a valid url,Not a valid URL,2342
2023-12-12 02:20:07,104.99.49.187,192.168.50.211,IP,not a valid url,Not a valid URL,4434
2023-12-12 02:20:07,104.99.49.187,192.168.50.211,IP,not a valid url,Not a valid URL,1514
2023-12-12 02:20:07,104.99.49.187,192.168.50.211,IP,not a valid url,Not a valid URL,1396
2023-12-12 02:20:07,104.99.49.187,192.168.50.211,IP,not a valid url,Not a valid URL,2974
2023-12-12 02:20:07,104.99.49.187,192.168.50.211,IP,not a valid url,Not a valid URL,2845
2023-12-12 02:20:07,104.99.49.187,192.168.50.211,IP,not a valid url,Not a valid URL,2404
2023-12-12 02:20:07,104.99.49.187,192.168.50.211,IP,not a valid url,Not a valid URL,427
2023-12-12 02:20:07,104.99.49.187,192.168.50.211,IP,not a valid url,Not a valid URL,1114
2023-12-12 02:20:07,104.99.49.187,192.168.50.211,IP,not a valid url,Not a valid URL,454
2023-12-12 02:20:07,104.99.49.187,192.168.50.211,IP,not a valid url,Not a valid URL,1523
2023-12-12 02:20:07,104.99.49.187,192.168.50.211,IP,not a valid url,Not a valid URL,312
2023-12-12 02:20:07,162.159.130.234,192.168.50.211,IP,not a valid url,Not a valid URL,109
2023-12-12 02:20:07,192.168.50.211,162.159.130.234,IP,not a valid url,Not a valid URL,54
2023-12-12 02:20:07,142.250.189.19,192.168.50.211,IP,not a valid url,Not a valid URL,118
2023-12-12 02:20:07,142.250.189.19,192.168.50.211,IP,not a valid url,Not a valid URL,150
2023-12-12 02:20:07,142.250.189.19,192.168.50.211,IP,not a valid url,Not a valid URL,85
2023-12-12 02:20:07,192.168.50.211,142.250.189.19,IP,not a valid url,Not a valid URL,89
2023-12-12 02:20:07,192.168.50.211,142.250.189.19,IP,not a valid url,Not a valid URL,66
2023-12-12 02:20:07,162.159.130.234,192.168.50.211,IP,not a valid url,Not a valid URL,424
2023-12-12 02:20:08,162.159.130.234,192.168.50.211,IP,not a valid url,Not a valid URL,424
2023-12-12 02:20:08,192.168.50.211,162.159.130.234,IP,not a valid url,Not a valid URL,66
2023-12-12 02:20:08,3.232.144.130,192.168.50.211,IP,not a valid url,Not a valid URL,54
2023-12-12 02:20:08,192.168.50.211,3.232.144.130,IP,not a valid url,Not a valid URL,54
2023-12-12 02:20:08,3.232.144.130,192.168.50.211,IP,not a valid url,Not a valid URL,85
2023-12-12 02:20:08,192.168.50.211,3.232.144.130,IP,not a valid url,Not a valid URL,89
2023-12-12 02:20:08,192.168.50.211,18.155.192.117,IP,not a valid url,Not a valid URL,55
2023-12-12 02:20:08,18.155.192.117,192.168.50.211,IP,not a valid url,Not a valid URL,66
2023-12-12 02:20:09,192.168.50.211,104.22.15.220,IP,not a valid url,Not a valid URL,55
2023-12-12 02:20:09,104.22.15.220,192.168.50.211,IP,not a valid url,Not a valid URL,66
2023-12-12 02:20:11,192.168.50.211,151.101.42.248,IP,not a valid url,Not a valid URL,55
2023-12-12 02:20:11,151.101.42.248,192.168.50.211,IP,not a valid url,Not a valid URL,66
2023-12-12 02:20:11,192.168.50.1,224.0.0.1,192.168.50.1,not a valid url,Not a valid URL,60
2023-12-12 02:20:11,192.168.50.211,205.196.6.214,IP,not a valid url,Not a valid URL,108
2023-12-12 02:20:12,205.196.6.214,192.168.50.211,IP,not a valid url,Not a valid URL,54
2023-12-12 02:20:12,192.168.50.211,151.101.41.229,IP,not a valid url,Not a valid URL,55
2023-12-12 02:20:12,151.101.41.229,192.168.50.211,IP,not a valid url,Not a valid URL,66
2023-12-12 02:20:12,192.168.50.211,34.111.115.192,IP,not a valid url,Not a valid URL,97
2023-12-12 02:20:12,34.111.115.192,192.168.50.211,IP,not a valid url,Not a valid URL,54
2023-12-12 02:20:12,34.111.115.192,192.168.50.211,IP,not a valid url,Not a valid URL,94
2023-12-12 02:20:12,192.168.50.211,34.111.115.192,IP,not a valid url,Not a valid URL,54
2023-12-12 02:20:12,192.168.50.211,224.0.0.22,192.168.50.211,not a valid url,Not a valid URL,54
2023-12-12 02:20:12,192.168.50.211,34.111.115.192,IP,not a valid url,Not a valid URL,66
2023-12-12 02:20:15,192.168.50.211,18.209.140.164,IP,not a valid url,Not a valid URL,223
2023-12-12 02:20:15,192.168.50.211,18.209.140.164,IP,not a valid url,Not a valid URL,1060
2023-12-12 02:20:15,18.209.140.164,192.168.50.211,IP,not a valid url,Not a valid URL,54
2023-12-12 02:20:15,18.209.140.164,192.168.50.211,IP,not a valid url,Not a valid URL,402
2023-12-12 02:20:15,192.168.50.211,18.209.140.164,IP,not a valid url,Not a valid URL,54
2023-12-12 02:20:15,35.186.241.102,192.168.50.211,IP,not a valid url,Not a valid URL,127
2023-12-12 02:20:15,192.168.50.211,35.186.241.102,IP,not a valid url,Not a valid URL,54
2023-12-12 02:20:15,35.186.241.102,192.168.50.211,IP,not a valid url,Not a valid URL,54
2023-12-12 02:20:16,18.209.140.164,192.168.50.211,IP,not a valid url,Not a valid URL,402
2023-12-12 02:20:16,192.168.50.211,18.209.140.164,IP,not a valid url,Not a valid URL,66
2023-12-12 02:20:16,35.186.241.102,192.168.50.211,IP,not a valid url,Not a valid URL,54
2023-12-12 02:20:16,192.168.50.211,35.186.241.102,IP,not a valid url,Not a valid URL,54
2023-12-12 02:20:16,192.168.50.211,216.239.38.178,IP,not a valid url,Not a valid URL,1292
2023-12-12 02:20:16,192.168.50.211,216.239.38.178,IP,not a valid url,Not a valid URL,772
2023-12-12 02:20:16,216.239.38.178,192.168.50.211,IP,not a valid url,Not a valid URL,69
2023-12-12 02:20:16,192.168.50.211,142.250.189.19,IP,not a valid url,Not a valid URL,1466
2023-12-12 02:20:16,192.168.50.211,142.250.189.19,IP,not a valid url,Not a valid URL,357
2023-12-12 02:20:16,192.168.50.211,142.250.189.19,IP,not a valid url,Not a valid URL,536
2023-12-12 02:20:16,216.239.38.178,192.168.50.211,IP,not a valid url,Not a valid URL,113
2023-12-12 02:20:16,192.168.50.211,216.239.38.178,IP,not a valid url,Not a valid URL,77
2023-12-12 02:20:16,216.239.38.178,192.168.50.211,IP,not a valid url,Not a valid URL,63
2023-12-12 02:20:16,192.168.50.211,142.250.72.142,IP,not a valid url,Not a valid URL,199
2023-12-12 02:20:16,192.168.50.211,74.125.137.156,IP,not a valid url,Not a valid URL,256
2023-12-12 02:20:16,192.168.50.211,104.99.50.235,IP,not a valid url,Not a valid URL,128
2023-12-12 02:20:16,192.168.50.211,104.99.50.235,IP,not a valid url,Not a valid URL,1514
2023-12-12 02:20:16,192.168.50.211,104.99.50.235,IP,not a valid url,Not a valid URL,453
2023-12-12 02:20:16,192.168.50.211,216.239.38.178,IP,not a valid url,Not a valid URL,74
2023-12-12 02:20:16,142.250.189.19,192.168.50.211,IP,not a valid url,Not a valid URL,54
2023-12-12 02:20:16,104.99.50.235,192.168.50.211,IP,not a valid url,Not a valid URL,54
2023-12-12 02:20:16,142.250.72.142,192.168.50.211,IP,not a valid url,Not a valid URL,69
2023-12-12 02:20:16,74.125.137.156,192.168.50.211,IP,not a valid url,Not a valid URL,69
2023-12-12 02:20:16,74.125.137.156,192.168.50.211,IP,not a valid url,Not a valid URL,114
2023-12-12 02:20:16,192.168.50.211,74.125.137.156,IP,not a valid url,Not a valid URL,77
2023-12-12 02:20:16,192.168.50.211,142.250.72.164,IP,not a valid url,Not a valid URL,313
2023-12-12 02:20:16,216.239.38.178,192.168.50.211,IP,not a valid url,Not a valid URL,66
2023-12-12 02:20:16,142.250.72.142,192.168.50.211,IP,not a valid url,Not a valid URL,108
2023-12-12 02:20:16,192.168.50.211,142.250.72.142,IP,not a valid url,Not a valid URL,77
2023-12-12 02:20:16,142.250.72.142,192.168.50.211,IP,not a valid url,Not a valid URL,63
2023-12-12 02:20:16,192.168.50.211,142.250.72.142,IP,not a valid url,Not a valid URL,74
2023-12-12 02:20:16,142.250.72.164,192.168.50.211,IP,not a valid url,Not a valid URL,69
2023-12-12 02:20:16,74.125.137.156,192.168.50.211,IP,not a valid url,Not a valid URL,66
2023-12-12 02:20:16,192.168.50.211,142.250.72.164,IP,not a valid url,Not a valid URL,74
2023-12-12 02:20:16,142.250.72.142,192.168.50.211,IP,not a valid url,Not a valid URL,66
2023-12-12 02:20:16,142.250.72.164,192.168.50.211,IP,not a valid url,Not a valid URL,318
2023-12-12 02:20:16,142.250.72.164,192.168.50.211,IP,not a valid url,Not a valid URL,64
2023-12-12 02:20:16,192.168.50.211,142.250.72.164,IP,not a valid url,Not a valid URL,77
2023-12-12 02:20:16,192.168.50.211,224.0.0.22,192.168.50.211,not a valid url,Not a valid URL,62
2023-12-12 02:20:16,142.250.72.164,192.168.50.211,IP,not a valid url,Not a valid URL,66
2023-12-12 02:20:16,142.250.189.19,192.168.50.211,IP,not a valid url,Not a valid URL,118
2023-12-12 02:20:16,142.250.189.19,192.168.50.211,IP,not a valid url,Not a valid URL,150
2023-12-12 02:20:16,192.168.50.211,142.250.189.19,IP,not a valid url,Not a valid URL,54
2023-12-12 02:20:16,142.250.189.19,192.168.50.211,IP,not a valid url,Not a valid URL,85
2023-12-12 02:20:16,142.250.189.19,192.168.50.211,IP,not a valid url,Not a valid URL,93
2023-12-12 02:20:16,192.168.50.211,142.250.189.19,IP,not a valid url,Not a valid URL,89
2023-12-12 02:20:16,192.168.50.211,142.250.189.19,IP,not a valid url,Not a valid URL,93
2023-12-12 02:20:16,192.168.50.211,3.232.144.130,IP,not a valid url,Not a valid URL,127
2023-12-12 02:20:16,192.168.50.211,192.168.50.1,IP,not a valid url,Not a valid URL,79
2023-12-12 02:20:16,3.232.144.130,192.168.50.211,IP,not a valid url,Not a valid URL,54
2023-12-12 02:20:16,3.232.144.130,192.168.50.211,IP,not a valid url,Not a valid URL,145
2023-12-12 02:20:16,192.168.50.1,192.168.50.211,IP,not a valid url,Not a valid URL,119
2023-12-12 02:20:16,192.168.50.1,192.168.50.211,IP,not a valid url,Not a valid URL,153
2023-12-12 02:20:16,192.168.50.211,172.217.14.78,IP,not a valid url,Not a valid URL,1292
2023-12-12 02:20:16,192.168.50.211,172.217.14.78,IP,not a valid url,Not a valid URL,123
2023-12-12 02:20:16,192.168.50.211,3.232.144.130,IP,not a valid url,Not a valid URL,54
2023-12-12 02:20:16,172.217.14.78,192.168.50.211,IP,not a valid url,Not a valid URL,1292
2023-12-12 02:20:16,172.217.14.78,192.168.50.211,IP,not a valid url,Not a valid URL,855
2023-12-12 02:20:16,192.168.50.211,172.217.14.78,IP,not a valid url,Not a valid URL,120
2023-12-12 02:20:16,192.168.50.211,172.217.14.78,IP,not a valid url,Not a valid URL,73
2023-12-12 02:20:16,192.168.50.211,172.217.14.78,IP,not a valid url,Not a valid URL,1288
2023-12-12 02:20:16,192.168.50.211,172.217.14.78,IP,not a valid url,Not a valid URL,1181
2023-12-12 02:20:16,172.217.14.78,192.168.50.211,IP,not a valid url,Not a valid URL,203
2023-12-12 02:20:16,172.217.14.78,192.168.50.211,IP,not a valid url,Not a valid URL,66
2023-12-12 02:20:16,192.168.50.211,172.217.14.78,IP,not a valid url,Not a valid URL,75
2023-12-12 02:20:16,104.99.50.235,192.168.50.211,IP,not a valid url,Not a valid URL,1205
2023-12-12 02:20:16,172.217.14.78,192.168.50.211,IP,not a valid url,Not a valid URL,173
2023-12-12 02:20:16,192.168.50.211,40.83.247.108,IP,not a valid url,Not a valid URL,55
2023-12-12 02:20:16,104.99.50.235,192.168.50.211,IP,not a valid url,Not a valid URL,85
2023-12-12 02:20:16,192.168.50.211,104.99.50.235,IP,not a valid url,Not a valid URL,54
2023-12-12 02:20:16,192.168.50.211,172.217.14.78,IP,not a valid url,Not a valid URL,74
2023-12-12 02:20:16,40.83.247.108,192.168.50.211,IP,not a valid url,Not a valid URL,66
2023-12-12 02:20:16,172.217.14.78,192.168.50.211,IP,not a valid url,Not a valid URL,856
2023-12-12 02:20:16,172.217.14.78,192.168.50.211,IP,not a valid url,Not a valid URL,254
2023-12-12 02:20:16,192.168.50.211,172.217.14.78,IP,not a valid url,Not a valid URL,77
2023-12-12 02:20:16,192.168.50.211,104.99.50.235,IP,not a valid url,Not a valid URL,66
2023-12-12 02:20:17,192.168.50.211,172.217.14.78,IP,not a valid url,Not a valid URL,74
2023-12-12 02:20:17,172.217.14.78,192.168.50.211,IP,not a valid url,Not a valid URL,66
2023-12-12 02:20:17,3.232.144.130,192.168.50.211,IP,not a valid url,Not a valid URL,145
2023-12-12 02:20:17,192.168.50.211,3.232.144.130,IP,not a valid url,Not a valid URL,66
2023-12-12 02:20:18,162.159.130.234,192.168.50.211,IP,not a valid url,Not a valid URL,301
2023-12-12 02:20:18,192.168.50.211,162.159.130.234,IP,not a valid url,Not a valid URL,54
2023-12-12 02:20:20,192.168.50.211,185.199.108.133,IP,not a valid url,Not a valid URL,55
2023-12-12 02:20:20,185.199.108.133,192.168.50.211,IP,not a valid url,Not a valid URL,66
2023-12-12 02:20:22,192.168.50.211,239.255.255.250,IP,not a valid url,Not a valid URL,216
2023-12-12 02:20:22,192.168.50.234,192.168.50.211,IP,not a valid url,Not a valid URL,365
